Last Changed,Average Distance to Nash Point of Agreements,Average Utility of Agreements,Overall Score
Thu 3 Dec 14:52:15 GMT 2020,0.33918333333333334,0.5862057383719684,0.38737452201183625
Wed 16 Dec 16:20:50 GMT 2020,0.2948511111111111,0.6085872106992868,0.42914459541659017